{
  "scale": 10,
  "concurrency": 30,
  "totalWallMs": 22403.9591,
  "registrationWallMs": 14332.9304,
  "batchWallMs": 7262.6956,
  "discoveryWallMs": 683.9921,
  "queryVerificationWallMs": 124.341,
  "registeredCount": 30,
  "discoveredCount": 30,
  "missingCount": 0,
  "registrationThroughputPerSec": 2.0930820957590086,
  "endToEndThroughputPerSec": 1.3390490433452005,
  "stageStats": {
    "registrar.createDraft.8101": {
      "count": 10,
      "minMs": 276.3246,
      "maxMs": 371.7242,
      "avgMs": 315.61527,
      "p50Ms": 306.6064,
      "p95Ms": 371.7242,
      "p99Ms": 371.7242,
      "totalMs": 3156.1527
    },
    "registrar.createDraft.8102": {
      "count": 10,
      "minMs": 332.1885,
      "maxMs": 407.3829,
      "avgMs": 374.40967,
      "p50Ms": 376.5561,
      "p95Ms": 407.3829,
      "p99Ms": 407.3829,
      "totalMs": 3744.0967
    },
    "registrar.createDraft.8105": {
      "count": 10,
      "minMs": 396.7528,
      "maxMs": 472.1323,
      "avgMs": 439.12906999999996,
      "p50Ms": 437.3966,
      "p95Ms": 472.1323,
      "p99Ms": 472.1323,
      "totalMs": 4391.2907
    },
    "registrar.validateDraft.8101": {
      "count": 10,
      "minMs": 309.0461,
      "maxMs": 367.1654,
      "avgMs": 340.2098,
      "p50Ms": 342.5067,
      "p95Ms": 367.1654,
      "p99Ms": 367.1654,
      "totalMs": 3402.098
    },
    "registrar.validateDraft.8105": {
      "count": 10,
      "minMs": 145.0364,
      "maxMs": 405.3627,
      "avgMs": 349.25422,
      "p50Ms": 356.0802,
      "p95Ms": 405.3627,
      "p99Ms": 405.3627,
      "totalMs": 3492.5422
    },
    "registrar.validateDraft.8102": {
      "count": 10,
      "minMs": 339.2833,
      "maxMs": 484.9113,
      "avgMs": 369.0800499999999,
      "p50Ms": 348.5765,
      "p95Ms": 484.9113,
      "p99Ms": 484.9113,
      "totalMs": 3690.8004999999994
    },
    "registrar.controlChallenge.8105": {
      "count": 10,
      "minMs": 216.9965,
      "maxMs": 1053.2596,
      "avgMs": 623.25395,
      "p50Ms": 602.9047,
      "p95Ms": 1053.2596,
      "p99Ms": 1053.2596,
      "totalMs": 6232.5395
    },
    "registrar.controlChallenge.8101": {
      "count": 10,
      "minMs": 243.1378,
      "maxMs": 343.0415,
      "avgMs": 271.58245,
      "p50Ms": 251.986,
      "p95Ms": 343.0415,
      "p99Ms": 343.0415,
      "totalMs": 2715.8244999999997
    },
    "registrar.controlChallenge.8102": {
      "count": 10,
      "minMs": 246.6692,
      "maxMs": 763.028,
      "avgMs": 410.87197000000003,
      "p50Ms": 391.0183,
      "p95Ms": 763.028,
      "p99Ms": 763.028,
      "totalMs": 4108.719700000001
    },
    "registrar.proveControl.8105": {
      "count": 10,
      "minMs": 327.605,
      "maxMs": 687.7562,
      "avgMs": 488.0790599999999,
      "p50Ms": 417.5876,
      "p95Ms": 687.7562,
      "p99Ms": 687.7562,
      "totalMs": 4880.790599999999
    },
    "registrar.proveControl.8101": {
      "count": 10,
      "minMs": 729.4714,
      "maxMs": 857.174,
      "avgMs": 804.2005,
      "p50Ms": 814.5608,
      "p95Ms": 857.174,
      "p99Ms": 857.174,
      "totalMs": 8042.005
    },
    "registrar.proveControl.8102": {
      "count": 10,
      "minMs": 373.6305,
      "maxMs": 809.9349,
      "avgMs": 688.90579,
      "p50Ms": 688.6755,
      "p95Ms": 809.9349,
      "p99Ms": 809.9349,
      "totalMs": 6889.057900000001
    },
    "registrar.issueCredential.8105": {
      "count": 10,
      "minMs": 59.8728,
      "maxMs": 415.7945,
      "avgMs": 333.3742700000001,
      "p50Ms": 358.6375,
      "p95Ms": 415.7945,
      "p99Ms": 415.7945,
      "totalMs": 3333.7427000000007
    },
    "registrar.issueCredential.8101": {
      "count": 10,
      "minMs": 286.7898,
      "maxMs": 377.7265,
      "avgMs": 306.58653,
      "p50Ms": 297.5375,
      "p95Ms": 377.7265,
      "p99Ms": 377.7265,
      "totalMs": 3065.8653
    },
    "registrar.issueCredential.8102": {
      "count": 10,
      "minMs": 295.6459,
      "maxMs": 376.7505,
      "avgMs": 331.96777000000003,
      "p50Ms": 340.5848,
      "p95Ms": 376.7505,
      "p99Ms": 376.7505,
      "totalMs": 3319.6777
    },
    "registrar.submitToRoot.8105": {
      "count": 10,
      "minMs": 1077.9265,
      "maxMs": 11907.4464,
      "avgMs": 9402.535619999999,
      "p50Ms": 9699.7288,
      "p95Ms": 11907.4464,
      "p99Ms": 11907.4464,
      "totalMs": 94025.3562
    },
    "registrar.submitToRoot.8101": {
      "count": 10,
      "minMs": 1345.6989,
      "maxMs": 6453.3149,
      "avgMs": 3096.2747099999997,
      "p50Ms": 2280.8671,
      "p95Ms": 6453.3149,
      "p99Ms": 6453.3149,
      "totalMs": 30962.747099999997
    },
    "registrar.submitToRoot.8102": {
      "count": 10,
      "minMs": 3042.6924,
      "maxMs": 11952.5819,
      "avgMs": 7380.11195,
      "p50Ms": 7104.1191,
      "p95Ms": 11952.5819,
      "p99Ms": 11952.5819,
      "totalMs": 73801.1195
    },
    "root.publishCdnBatch": {
      "count": 1,
      "minMs": 1501.7674,
      "maxMs": 1501.7674,
      "avgMs": 1501.7674,
      "p50Ms": 1501.7674,
      "p95Ms": 1501.7674,
      "p99Ms": 1501.7674,
      "totalMs": 1501.7674
    },
    "root.notifyDiscoveryBatch": {
      "count": 1,
      "minMs": 5067.8428,
      "maxMs": 5067.8428,
      "avgMs": 5067.8428,
      "p50Ms": 5067.8428,
      "p95Ms": 5067.8428,
      "p99Ms": 5067.8428,
      "totalMs": 5067.8428
    },
    "discovery.sync.8103": {
      "count": 1,
      "minMs": 348.1494,
      "maxMs": 348.1494,
      "avgMs": 348.1494,
      "p50Ms": 348.1494,
      "p95Ms": 348.1494,
      "p99Ms": 348.1494,
      "totalMs": 348.1494
    },
    "discovery.sync.8104": {
      "count": 1,
      "minMs": 334.8917,
      "maxMs": 334.8917,
      "avgMs": 334.8917,
      "p50Ms": 334.8917,
      "p95Ms": 334.8917,
      "p99Ms": 334.8917,
      "totalMs": 334.8917
    },
    "discovery.query.8103": {
      "count": 1,
      "minMs": 48.1948,
      "maxMs": 48.1948,
      "avgMs": 48.1948,
      "p50Ms": 48.1948,
      "p95Ms": 48.1948,
      "p99Ms": 48.1948,
      "totalMs": 48.1948
    },
    "discovery.query.8104": {
      "count": 1,
      "minMs": 75.2273,
      "maxMs": 75.2273,
      "avgMs": 75.2273,
      "p50Ms": 75.2273,
      "p95Ms": 75.2273,
      "p99Ms": 75.2273,
      "totalMs": 75.2273
    }
  },
  "stageGroups": {
    "rootAccept": {
      "registrar.createDraft.8101": {
        "count": 10,
        "minMs": 276.3246,
        "maxMs": 371.7242,
        "avgMs": 315.61527,
        "p50Ms": 306.6064,
        "p95Ms": 371.7242,
        "p99Ms": 371.7242,
        "totalMs": 3156.1527
      },
      "registrar.createDraft.8102": {
        "count": 10,
        "minMs": 332.1885,
        "maxMs": 407.3829,
        "avgMs": 374.40967,
        "p50Ms": 376.5561,
        "p95Ms": 407.3829,
        "p99Ms": 407.3829,
        "totalMs": 3744.0967
      },
      "registrar.createDraft.8105": {
        "count": 10,
        "minMs": 396.7528,
        "maxMs": 472.1323,
        "avgMs": 439.12906999999996,
        "p50Ms": 437.3966,
        "p95Ms": 472.1323,
        "p99Ms": 472.1323,
        "totalMs": 4391.2907
      },
      "registrar.validateDraft.8101": {
        "count": 10,
        "minMs": 309.0461,
        "maxMs": 367.1654,
        "avgMs": 340.2098,
        "p50Ms": 342.5067,
        "p95Ms": 367.1654,
        "p99Ms": 367.1654,
        "totalMs": 3402.098
      },
      "registrar.validateDraft.8105": {
        "count": 10,
        "minMs": 145.0364,
        "maxMs": 405.3627,
        "avgMs": 349.25422,
        "p50Ms": 356.0802,
        "p95Ms": 405.3627,
        "p99Ms": 405.3627,
        "totalMs": 3492.5422
      },
      "registrar.validateDraft.8102": {
        "count": 10,
        "minMs": 339.2833,
        "maxMs": 484.9113,
        "avgMs": 369.0800499999999,
        "p50Ms": 348.5765,
        "p95Ms": 484.9113,
        "p99Ms": 484.9113,
        "totalMs": 3690.8004999999994
      },
      "registrar.controlChallenge.8105": {
        "count": 10,